Company ISIN,2024
CNE1000010N2,1.0
US88579Y1010,0.875
GB00B1YW4409,1.0
US0378331005,
KYG2953R1149,0.6
INE117A01022,0.82
CH0012221716,0.82
NL0011540547,0.814
CNE100004ZD8,1.0
AEA006101017,0.8
SA55SG6H5716,0.25
AEE01195A234,0.884
AEA007301012,0.884
JP3388200002,0.689
JP3112000009,0.621
HK0000069689,0.696
IE00BF0L3536,0.686
TH0268010Z03,0.5
JP3102000001,0.66
FR0010220475,0.782
US0079031078,0.872
US0311001004,0.5
US02665T3068,0.533
KYG040111059,0.0
AU000000ANZ3,0.79
AU000000APA1,0.625
CNE100004C45,0.5
CA00208D4084,0.75
TW0003711008,0.0
JP3118000003,0.739
NL0000334118,0.627
NL0010273215,0.874
TW0002357001,0.676
AU000000ASX7,0.478
US00206R1023,0.541
INE949L01017,0.526
TW0002409000,
FR0000120628,0.799
US00287Y1091,0.76
US0028241000,0.711
ZAE000255915,0.78
AEA000801018,0.75
CNE100000F87,1.0
IE00B4BNMY34,0.765
ES0125220311,0.905
FR0000120404,0.805
TW0002345006,0.833
TW0002353000,0.81
SA15CGS10H12,0.833
INE423A01024,0.727
INE742F01042,0.724
INE814H01011,0.521
SE0014781795,1.0
GB00B02J6398,0.663
US00724F1012,0.838
CNE100003MM9,
TW0002395001,1.0
JP3122400009,0.75
NL0012969182,0.673
BMG0112X1056,0.667
US0010551028,0.667
US00846U1016,0.763
CA0084741085,0.864
CNE100000RJ0,0.636
CNE000001NN0,0.357
US0091581068,0.828
KYG014081064,1.0
US0090661010,0.832
TH0765010Z08,
US6200763075,
JP3119600009,0.787
US00971T1016,0.861
TRAAKBNK91N6,0.571
NO0010345853,1.0
NL0013267909,0.756
KW0EQ0100010,0.571
SA15GG53GHH3,1.0
SA0007879055,1.0
SA0007879113,0.789
ID1000111305,
CA0115321089,1.0
US0130911037,0.54
KYG022421088,
AEA002001013,0.5
US0152711091,1.0
SE0000695876,0.795
MXP000511016,
ID1000128705,0.833
KYG017191142,0.712
US0162551016,0.597
SA122050HV19,0.6
INE540L01014,0.69
IE00BFRT3W74,0.771
LU2237380790,0.793
US0188021085,0.536
DE0008404005,0.771
US0200021014,0.599
SA000A0ETHT1,0.875
US02043Q1076,0.644
US8716071076,1.0
US02079K3059,0.5
CA0213611001,0.625
KR7196170005,
US02209S1033,0.769
CNE1000000T0,1.0
ES0109067019,0.86
US0231351067,0.654
MYL1015OO006,0.625
BRABEVACNOR1,0.829
INE079A01024,0.667
JE00BJ1F3079,0.0
US0236081024,0.679
US0255371017,0.453
US0258161092,0.836
US0259321042,0.667
US0304201033,0.5
AEE01135A222,0.3
US0311621009,0.784
ID1000191109,0.8
KR7090430000,0.3
US0320951017,1.0
FR0004125920,0.935
MX01AM050019,0.75
US0326541051,0.792
CNE0000014G0,
GB00BTK05J60,0.904
GB00BRXH2664,0.901
BE0974293251,0.669
CNE1000047B9,0.5
US0357108390,0.667
GB0000456144,1.0
IE00BLP1HW54,0.741
US03769M1062,0.8
INE702C01027,0.5
US03831W1080,0.524
US0382221051,0.809
JE00BTDN8H13,0.571
SA0007879105,0.25
US2538681030,0.667
MX01AC100006,0.758
LU1598757687,0.647
BMG0450A1053,0.911
US03990B1017,0.696
US0404132054,0.852
AU000000ALL7,0.673
FR0010313833,0.804
JP3111200006,0.615
JP3116000005,0.615
INE208A01029,
GB0000536739,
TW0003017000,1.0
INE021A01026,0.561
ZAE000066692,0.658
GB0006731235,0.5
JP3942400007,0.509
ID1000122807,0.889
GB0009895292,0.78
INE006I01046,0.545
MXP001661018,
PHY5764J1483,0.767
SE0017486889,0.845
US0494681010,0.624
US0495601058,0.593
NZAIAE0002S6,0.0
INE406A01037,0.769
US0533321024,0.515
US0527691069,
KYG066341028,0.333
US0530151036,
GB00BVYVFW23,0.905
US0534841012,0.449
US05352A1007,0.531
US0536111091,0.799
CNE1000001Y8,
GB00BPQY8M80,0.731
CH0023405456,0.333
MYL6888OO001,0.385
INE238A01034,0.618
US05464C1018,0.704
PHY0488F1004,0.759
PHY0486V1154,0.636
IL0011194789,0.667
BRB3SAACNOR6,0.897
GB0002634946,0.793
JP3778630008,0.556
DE000BASF111,0.846
GB0002875804,0.795
BRBBSEACNOR5,1.0
ES0113211835,0.845
AU000000BHP4,0.77
CH0130293662,0.571
DE0005190003,0.797
FR0000131104,0.833
SG9999015267,0.5
CNE100003R64,0.125
CNE0000016L5,0.0
IT0000066123,0.688
US9100471096,0.592
BRBRFSACNOR8,0.719
INE118H01025,0.846
GB0030913577,0.708
BRBPACACNOR7,0.703
HK0285041858,0.465
CNE100001526,0.465
INE917I01010,0.708
INE296A01032,0.542
INE918I01026,0.772
US05722G1004,0.763
INE787D01026,
US0584981064,0.644
CH0012410517,0.941
IT0005218380,0.7
BRBBDCACNOR1,0.804
PHY077751022,0.736
ES0113860A34,0.692
CLP0939W1081,0.833
CLP321331116,0.909
TH0264A10Z04,1.0
SA000A0D9HK3,0.538
ID1000109507,0.919
IL0006625771,0.333
IL0006046119,0.615
ID1000095003,0.789
PLBIG0000016,0.5
ID1000096605,0.607
CNE100002G76,1.0
PLPEKAO00016,1.0
ID1000118201,0.958
US0605051046,0.667
INE028A01039,0.536
CNE100000734,1.0
CNE100003F50,
CNE100002SN6,0.0
CNE000001N05,0.413
CNE1000048J0,0.413
CNE1000017G1,0.413
CNE1000000S2,0.379
IE00BD1RP616,0.712
CNE1000005P7,0.5
CNE100003LQ2,
PHY0967S1694,0.814
ES0113679I37,0.769
MXP370711014,0.831
SA0007879782,1.0
CA6330671034,0.846
CNE000000C66,1.0
GB0031348658,0.753
GB0000811801,0.75
CA06849F1080,0.909
CH0009002962,0.625
QA000A0KD6J5,
US0718131099,1.0
DE000BAY0017,0.762
DE0005200000,0.864
SE0015949748,0.5
HK0392044647,
BMG0957L1090,0.4
CNE100001617,
CNE100001YF2,0.0
CNE100000CS3,
CNE000000R69,
US2441991054,0.667
US0846707026,0.775
US0865161014,0.598
CA05534B7604,0.753
CNE100005XM1,
INE263A01024,0.701
INE257A01026,0.686
INE029A01011,0.753
INE397D01024,0.781
ZAE000216537,1.0
ZAE000117321,0.562
KYG1098A1013,0.812
US09061G1013,0.624
US09062X1037,0.767
US58155Q1031,0.25
US09290D1019,0.6
US09260D1072,0.5
US8522341036,0.66
AU000000BSL0,0.66
FR0000039299,0.571
US09857L1089,0.556
US0995021062,0.854
KYG126521064,0.0
US1011371077,0.833
KW0EQ0102065,1.0
FR0000120503,0.808
AU000000BXB1,1.0
BRBBASACNOR3,0.364
DE000A1DAHH0,0.626
JP3830800003,0.676
CNE000001QZ7,0.7
US1101221083,0.68
INE216A01030,0.727
US11133T1034,0.759
CA1130041058,0.659
CA11271J1075,0.864
CA11285B1085,0.864
US1152361010,
US1156372096,0.694
BE0003797140,
PLBUDMX00013,0.6
US12008R1077,0.571
TH0168A10Z01,0.333
CH1300646267,0.846
GB00B0744B38,0.528
SA1210540914,0.656
FR0006174348,0.643
US1220171060,0.516
TREBIMM00018,0.5
US12541W2098,0.481
CA1247651088,0.65
US1468691027,0.556
US12504L1098,0.747
PLCCC0000016,0.6
CA1249003098,0.593
PLOPTTC00011,0.692
US12514G1085,0.744
MXP225611567,0.783
CZ0005112300,1.0
US1252691001,0.524
INE067A01029,0.571
CA12532H1047,0.842
CNE100003N43,0.5
COTK7PA00010,1.0
MYL1023OO000,0.685
CNE0000008J6,0.615
CNE000001DB6,0.615
KR7097950000,0.5
KYG2177B1014,1.0
KYG217651051,0.0
HK0002007356,0.6
US12572Q1058,0.812
CNE100001NR0,0.714
CL0000001314,0.778
CA1363751027,0.626
CNE1000049X9,0.667
NL0010545661,0.778
CNE100003L78,
JP3305990008,1.0
BRCPLEACNOR8,0.678
CNE100000601,0.667
CNE000001BD6,0.667
TH0737010Y08,1.0
THC450010002,0.778
BRCPFEACNOR0,0.787
CA13646K1084,0.293
IE0001827041,0.757
CNE100000CP9,
AU000000CSL8,0.667
HK1093012172,0.0
US1264081035,0.431
US1266501006,0.434
US1273871087,0.933
CNE100002V44,0.0
ES0140609019,0.693
CNE1000041R8,0.0
US1331311027,0.91
CA13321L1085,0.909
NL0015435975,0.836
CA1363851017,0.768
CA1366812024,0.652
CA1367178326,1.0
INE476A01022,0.403
JP3242800005,0.61
JP3218900003,0.7
FR0000125338,0.743
SGXE62145532,0.692
ZAE000035861,0.635
US1423391002,0.462
INE020B01018,0.75
PA1436583006,
FR0000120172,0.681
US14448C1045,0.653
TW0002882008,0.8
US12503M1080,0.923
MYL6947OO005,0.895
CA15101Q2071,0.814
ES0105066007,0.5
KR7068270008,0.353
US03073E1055,0.286
CL0000000100,0.689
CA15135U1093,0.662
US15135B1017,0.697
US15189T1079,0.759
BRELETACNOR6,0.484
JP3566800003,1.0
TH0481B10Z00,1.0
GB00B033F229,0.825
KYG202881093,0.667
ID1000090301,0.917
TW0002801008,0.5
CNE000000GJ4,
CNE000000SH3,0.5
CNE1000011H2,
CNE100001Y42,
US8085131055,0.67
TH0101A10Z01,0.742
ID1000117708,1.0
US16119P1084,0.467
US46625H1005,0.803
IL0010824113,0.792
MX01CH170002,0.6
US16411R2085,0.737
BMG2178K1009,
US1667641005,0.812
JP3511800009,
TW0002610003,0.875
CNE1000002G3,0.5
CNE1000000R4,0.5
CNE100000957,1.0
CNE100000742,0.508
CNE000000TR0,0.143
CNE100004QL0,1.0
CNE100000SL4,0.7
BMG2109G1033,
CNE000001Q93,0.533
KYG2121R1039,0.0
KYG210961051,0.5
CNE100000HK9,0.625
CNE000001PQ8,1.0
HK0144000764,1.0
CNE000001B33,0.615
CNE100002FC6,0.0
CNE0000015Y0,0.636
CNE100000KC0,0.5
CNE100000759,1.0
HK0688002218,1.0
CNE1000008M8,0.5
HK2380027329,1.0
CNE100000866,0.0
KYG2122G1064,0.667
KYG2108Y1052,0.25
BMG2113B1081,
CNE1000031T5,0.429
CNE100000767,
CNE000001FG0,0.5
KYG216771363,1.0
CNE000000W05,
TW0002002003,
HK0000055878,0.333
CNE100006V65,
HK2388011192,0.0
CNE0000000T2,0.714
CNE100000KW8,
CNE000001G87,
CNE100003PS9,
TW0002891009,1.0
US1696561059,0.523
INE121A01024,
CNE000000R36,
CNE100003NZ9,
KYG211461085,0.533
CH0044328745,0.472
JP3526600006,
JP3519400000,0.444
TW0002412004,0.667
US1713401024,0.708
US1720621010,0.571
US1729081059,0.607
INE059A01026,0.746
US17275R1023,1.0
US1729674242,0.679
HK0267001375,0.4
US1746101054,0.5
ZAE000134854,0.697
US18915M1071,0.47
CNE000000MS3,0.733
US22160N1090,0.297
INE522F01014,0.667
US1912161007,0.81
GB00BDCPN049,0.771
CH0198251305,0.834
TRECOLA00011,0.75
AU000000COH5,0.82
US5949181045,0.648
US1924461023,0.701
US19260Q1076,0.655
AU0000030678,0.647
INE259A01022,0.5
US1941621039,0.853
DK0060448595,0.662
US20030N1019,0.698
QA000A0KD6K3,0.455
QA0007227752,0.455
EGS60121C018,0.733
DE000CBK1001,0.849
AU000000CBA7,0.809
TW0002324001,0.696
GB00BD6K4575,0.602
AU000000CPU5,0.526
US2091151041,0.798
US2058871029,0.805
US20825C1045,0.914
ES0177542018,0.667
US21036P1084,0.816
US21037T1097,0.807
CA21037X1006,0.765
NZCENE0001S6,0.667
CNE100003662,0.429
DE0005439004,0.801
SA000A0DPSH3,0.507
US2166485019,0.645
US2172041061,0.598
CLP7847L1080,1.0
US21871X1090,0.489
US2193501051,
INE169A01031,0.733
US2199481068,0.464
US22052L1044,0.813
US22160K1051,0.738
US1270971039,0.667
CA01626P1484,0.652
DE000A40KY26,0.846
FR0000064578,1.0
BMG2519Y1084,1.0
GB00BJFFLV09,0.78
US22788C1053,0.795
US2283681060,
US22822V1017,0.459
FR0000045072,0.737
US2310211063,0.0
IL0011334468,0.843
US89400J1079,1.0
BE0974259880,1.0
US23331A1097,0.738
KR7005830005,1.0
SG1L01001701,0.732
JP3551500006,0.71
US2533931026,0.688
CH0024608827,0.717
INE271C01023,0.595
NO0010161896,0.844
DK0060079531,0.612
US2333311072,0.646
US23918K1088,0.59
INE016A01026,0.883
JP3493800001,1.0
JP3476480003,
JP3497400006,0.412
JP3475350009,0.789
JP3481800005,0.697
DE000DTR0CK8,0.898
JP3486800000,
JP3505000004,1.0
US2358511028,1.0
FR0000120644,0.828
DK0010274414,0.78
US2371941053,0.772
FR0014004L86,0.816
FR0014003TT8,0.869
US23804L1035,0.763
US2435371073,0.7
US24703L2025,0.732
US2473617023,0.839
TW0002308004,0.657
TH0528A10Z06,1.0
DK0060738599,0.697
JP3551520004,0.703
CNE1000033C7,0.714
CA2499061083,0.857
DE0005140008,0.739
DE0005810055,0.826
DE0005552004,0.467
DE0005557508,0.756
US25179M1036,0.688
US2521311074,0.692
IT0003492391,0.375
GB0002374006,0.801
US25278X1090,0.8
PLDINPL00011,1.0
JP3548600000,1.0
ZAE000022331,0.696
INE361B01024,0.7
INE935N01020,0.781
US2561631068,0.589
US2566771059,0.263
US2567461080,0.362
CA25675T1075,0.555
US25746U1097,0.843
US25754A2015,0.601
CNE000000J28,
CNE100002177,
US25809K1051,0.577
KR7034020008,0.625
KR7241560002,0.625
US2600031080,0.474
US2605571031,0.874
INE089A01031,0.812
SA1510P1UMH1,
US26142V1052,0.701
US26614N1028,0.816
AED000201015,0.696
US26441C2044,0.767
QA000B982PM1,
US2681501092,0.826
DE000ENAG999,0.754
US35137L1052,0.7
TW0002884004,
CNE1000031N8,0.333
PTEDP0AM0009,0.834
BREMBRACNOR4,0.956
US29084Q1004,0.684
CH0016440353,0.333
JP3386450005,0.6
BREGIEACNOR9,0.777
FR0010208488,0.777
CNE000000DG7,
KYG3066L1014,
US26875P1012,0.6
US26884L1098,0.867
SE0012853455,0.833
TW0002618006,0.4
CNE100000GS4,0.5
DE0005470306,0.786
NL0012059018,1.0
JP3783600004,0.0
EGS37091C013,0.733
CNE100000MD4,1.0
IE00B8KQN827,0.5
TW0001476000,1.0
US2788651006,0.703
KR7086520004,1.0
KR7247540008,1.0
TRAEREGL91G3,1.0
FR0010908533,0.811
US2810201077,0.5
US28176E1082,0.772
INE066A01021,0.692
CA0636711016,0.812
FR0000130452,0.5
IL0010811243,0.768
US2855121099,1.0
CA2861812014,0.429
US0367521038,0.533
US5324571083,0.795
BE0003822393,0.941
FI0009007884,0.765
TW0002383007,0.0
AEE001901017,0.462
AEE000301011,0.462
CA2908761018,0.833
US2910111044,0.811
AEE000801010,0.622
CA2918434077,1.0
CNE100005GY1,0.0
CA29250N1050,0.685
ES0130670112,0.806
CL0002266774,0.754
IT0003128367,0.706
BRENGIACNOR0,0.814
HK0006000050,0.636
BRENEVACNOR8,0.873
IT0003132476,0.709
IM00B5VQMV65,0.548
US29364G1031,0.615
CNE100002615,
SE0015658109,0.822
BREQTLACNOR0,0.667
US2944291051,0.612
US29444U7000,0.802
NO0010096985,0.922
US29452E1010,0.8
US29472R1086,0.545
US29476L1070,0.765
US29530P1021,0.679
AT0000652011,0.933
US29670G1022,0.2
US2971781057,0.466
FR0000121667,0.725
SE0009922164,0.784
US5184391044,0.923
INE758T01015,
SA000A0DM9P2,0.0
AEE000401019,0.67
FR0000121121,0.812
GRS323003012,0.706
NL0006294274,0.5
CNE100000FD8,0.8
BMG3223R1088,0.674
TW0002603008,0.857
US30034W1062,0.8
US30040W1080,0.676
SE0012673267,0.579
AU000000EVN4,0.692
DE000EVNK013,0.779
US1651677353,0.714
US30212P3038,0.771
US3021301094,0.543
GB00B19NLV48,0.805
US30225T1025,0.822
US30231G1022,0.687
US3156161024,0.726
JP3802400006,0.588
FR0013451333,0.851
MXP320321211,0.842
US1912411089,0.842
US31620M1062,0.723
KR7021240007,0.571
CNE000001KK2,
JP3814000000,0.762
JP3811000003,
US3030751057,0.825
CA3039011026,
CLP3880F1085,0.798
TW0004904008,1.0
HK0000077468,0.0
JP3802300008,0.593
US9113121068,0.333
US3119001044,0.694
US31428X1063,0.583
KYG2121Q1055,
TW0009910000,1.0
US31488V1070,0.575
NL0015001FS8,0.761
US31620R3030,0.757
IT0000072618,0.727
US3167731005,0.682
IT0000072170,0.833
AEN000101016,0.6
US31946M1036,0.812
US3379321074,1.0
CA3359341052,0.842
ZAE000066304,0.8
CA33767E2024,1.0
US3377381088,0.417
KYG4232C1087,
IE00BWT6H894,0.731
US3453708600,0.6
TRAOTOSN91H6,0.667
TW0001301000,0.333
AU000000FMG4,0.591
US34959E1091,0.703
CA3495531079,
FI0009007132,0.842
TW0001519007,
CNE000000X38,0.5
HK0656038673,0.5
CNE1000015Y8,0.833
CNE1000031P3,0.25
CA3518581051,
US35671D8570,0.883
DE0005785604,0.5
DE0005785802,0.5
TW0002881000,0.167
JP3820000002,0.632
JP3818000006,0.708
US36118L1061,0.667
CNE000000230,0.556
CNE100003RK2,
INE129A01019,0.897
KYG3774X1088,1.0
US36266G1076,0.85
US36828A1016,0.754
DE0006602006,0.789
FR0010040865,0.5
CNE0000008L2,0.6
CA36168Q1046,0.416
INE776C01039,0.871
GB00BN7SWP63,0.835
HK0027032686,0.3
CNE100002FG7,0.667
CNE100004PM0,
CH1335392721,0.575
US3635761097,0.619
PTGAL0AM0009,0.68
MYL5398OO002,0.86
CNE100000SF6,0.667
CH0114405324,0.784
US3666511072,0.795
CH0030170408,0.714
HU0000123096,0.462
KYG3777B1032,0.4
CNE100000KT4,0.966
US6687711084,0.654
KYG3825B1059,0.455
US3695501086,0.3
US3703341046,0.0
US37045V1008,0.662
IT0000062072,0.675
DK0010272202,1.0
MYL3182OO002,0.25
SGXE21576413,0.6
CA9611485090,1.0
BRGGBRACNOR1,0.823
FR0010533075,0.667
TW0002376001,0.5
CA3759161035,0.711
US3755581036,0.734
CH0010645932,0.783
NO0010582521,1.0
JE00B4T3BW64,0.73
US37940X1028,0.576
AU000000IAG3,
TW0003443008,0.0
TW0006488000,0.5
US3802371076,0.611
ID1000166903,1.0
INE102D01028,0.821
INE484J01027,0.723
CNE100000BP1,0.6
ZAE000018123,0.824
CNE1000010F8,0.824
US38141G1040,0.704
CNE1000008S5,0.667
CNE100003RL0,1.0
CNE100002G84,0.667
AU000000GMG2,0.833
CNE000001NY7,0.5
KYG4124C1096,0.783
US3841091040,
US3848021040,0.765
IN9047A01029,0.596
CNE1000018V8,0.647
CNE100003GD0,1.0
CA39138C1068,0.667
CNE0000001D4,0.706
ES0171996087,0.58
FR0010340141,0.854
MXP4948K1056,0.625
US94106L1098,0.75
ES0167050915,0.0
MX01OM000018,0.75
MXP495211262,0.806
MXP370841019,0.744
HK0270001396,
CNE100001NQ2,1.0
CNE000001733,
CNE100001RG4,
KW0EQ0100028,1.0
US4592001014,0.727
THC903010013,0.431
CNE100001WS9,0.4
CNE000000QZ9,1.0
KYG465871120,
SE0000106270,0.615
KR7042700005,
US40412C1018,0.509
INE860A01027,0.623
KR7329180004,1.0
KR7267250009,0.667
INE127D01025,0.92
INE040A01034,0.559
JP3160400002,1.0
CNE0000016H3,0.286
KR7028300002,
GB0005405286,0.764
CNE000000M15,0.0
KR7352820005,0.6
KYG4290A1013,0.52
CNE000000CG9,0.714
GB00BMX86B70,0.679
US4062161017,0.751
GB0004052071,0.688
KR7086790003,0.833
HK0011000095,0.731
KR7161390000,0.15
JP3774200004,
DE0008402215,0.875
KYG549581067,0.0
KR7012450003,0.676
KR7042660001,0.676
KR7272210006,
ZAE000015228,0.571
US0235865062,
INE176B01034,0.723
INE795G01014,0.652
US42250P1030,0.667
US4228061093,
DE0006047004,0.784
NL0000008977,0.0
GRS260333000,0.632
CH0466642201,0.893
CNE0000012G4,
HK0012000102,0.4
KYG4402L1510,
CNE0000018V0,0.5
CNE000001FQ9,0.0
DE0006048408,0.898
FR0000052292,0.838
INE158A01026,0.82
US4278661081,0.618
US40434L1052,0.827
SE0015961909,0.333
JP3783420007,
GB00B0LCW083,0.6
US43300A2033,0.744
INE038A01020,0.868
INE066F01020,0.862
INE094A01015,0.713
INE030A01027,0.839
CNE100000JG3,0.0
CH0012214059,0.665
US4364401012,0.818
TH0661010007,0.5
JP3854600008,0.767
US4385161066,0.81
HK0388045442,0.471
MYL5819OO007,0.467
BMG4587L1090,0.5
US4404521001,0.711
JP3845770001,1.0
TW0002207008,0.0
US4432011082,0.667
JP3837800006,0.786
TW0002880002,
CNE000001LJ2,
CNE000001998,
CNE100006M82,
CNE100000LQ8,0.875
CNE000001FW7,
CNE100001VW3,1.0
US4435731009,0.673
US4435106079,1.0
US4448591028,0.659
CNE000001GD5,0.333
US1491231015,0.667
US4461501045,0.577
US4485791028,0.717
CA4488112083,0.919
KR7086280005,0.568
KR7012330007,0.62
KR7005380001,0.705
INE0V6F01027,0.87
KR7064350002,0.786
INE090A01021,0.681
INE765G01017,0.0
INE726G01019,0.877
CNE100005VG7,0.75
IL0002810146,0.846
US45167R1041,0.8
US45168D1046,0.683
INE092T01019,0.762
CA4495861060,0.636
GB00BHJYC057,0.731
MYL5225OO007,0.622
JP3134800006,1.0
NL0010801007,0.778
NL0011821202,0.831
TW0003481008,0.75
JP3294460005,0.889
MYL1961OO001,0.722
FR0010259150,0.762
US46266C1053,0.764
INE335Y01020,0.625
COE15PA00026,
INE154A01025,0.705
US4523081093,
ES0144580Y14,0.753
JP3142500002,0.6
US4523271090,0.62
GB0004544929,0.614
CA4530384086,0.738
ZAE000083648,0.714
MXP370641013,0.436
US45337C1027,0.667
INE242A01010,0.5
ES0148396007,0.667
ID1000057003,0.667
ID1000116700,0.667
INE121J01017,0.714
INE095A01012,0.444
KR7024110009,1.0
CNE100000V95,0.75
CNE000001P37,0.622
SE0001515552,
DE0006231004,0.86
INE663F01032,0.771
GB00BMJ6DW54,0.802
INE009A01021,0.674
US45687V1061,0.721
TW0008069006,0.5
CNE0000017H1,
KYG4818G1010,0.25
US45784P1012,0.857
CA45823T1066,0.771
US45841N1072,0.635
US45866F1049,0.547
INE646L01027,0.857
PHY411571011,0.667
TW0003293007,
US4601461035,0.704
GB0031638363,0.478
US4612021034,0.0
US46120E6023,0.867
TW0002356003,0.462
SE0015811963,
US46187W1071,0.59
TRAISCTR91N2,0.727
JP3137200006,0.786
BRITUBACNOR4,0.873
BRITSAACNOR0,1.0
CA46579R1047,1.0
KYG4990A1040,0.454
US4456581077,0.619
CNE100000SD1,0.4
CNE000001F05,0.667
KYG5074A1004,0.479
GB00BM8Q5M07,0.479
KYG5074S1012,0.0
KYG8208B1014,0.667
NL0014332678,0.694
JP3386030005,1.0
US08265T2087,0.727
INE121E01018,
INE019A01038,0.7
JP3726800000,0.848
SA000A0MR864,
US4663131039,0.739
US4262811015,1.0
US46982L1089,0.768
JP3705200008,0.643
JP3183200009,1.0
JP3233250004,
JP3752900005,
JP3946750001,
BMG507361001,0.5
SA000A0BLA62,0.545
CNE0000014W7,0.667
CNE0000019P0,
INE220G01021,0.75
INE749A01030,0.735
CNE100005R96,0.477
INE758E01017,0.734
US79466L3024,1.0
IE00BY7QL619,0.649
JP3788600009,0.786
PHY4466S1007,0.671
INE797F01020,0.654
CH0102484968,0.764
GRS282183003,0.455
CNE100001ZY0,0.0
US48203R1041,0.788
CNE000000YM1,0.25
PTJMT0AE0001,0.683
TH0016010009,0.786
KR7105560007,
BE0003565737,0.802
JP3496400007,0.632
KYG5223Y1089,1.0
PLKGHM000017,1.0
TW0002883006,0.625
US48251W1045,0.81
US4824801009,
FI0009013403,0.787
NL0000009082,0.783
KR7033780008,0.0
JP3210200006,1.0
KR7323410001,0.667
KR7035720002,0.5
ID1000125107,0.759
INE303R01014,0.778
JP3205800000,0.789
JP3223800008,
US4878361082,0.783
CNE100000PW7,1.0
US49177J1025,0.66
SG1U68934629,0.833
FR0000121485,0.61
IE0004906560,0.695
FI0009000202,0.714
US49271V1008,0.589
JP3236200006,0.678
CA4932711001,0.882
US49338L1035,1.0
KR7000270009,0.648
JP3240400006,0.5
US4943681035,0.692
MXP606941179,0.692
US49446R1095,0.714
US49456B1017,0.754
KYG525681477,0.2
GB0033195214,0.667
KYG5264Y1089,0.667
CNE100003PM2,0.667
IE0004927939,0.645
CA4969024047,0.8
JP3258000003,1.0
BRKLBNACNOR2,0.855
FR0000121964,0.864
US5486611073,0.0
DE000KBX1006,0.778
JP3304200003,0.761
CZ0008019106,0.727
JP3300200007,
NO0013536151,0.828
KR7047810007,1.0
KR7015760002,0.636
KR7071050009,
KR7010130003,1.0
KR7003490000,0.538
INE237A01028,0.63
TRAKCHOL91Q8,0.864
US5007541064,0.63
KR7259960003,0.647
US5010441013,0.453
KYG532631028,0.595
MYL2445OO004,0.75
CNE1000018P0,
JP3266400005,0.719
CH0025238863,0.675
BMG5320C1082,1.0
KW0EQ0100085,0.909
JP3249600002,
JP3256000005,0.8
FR0000120321,0.846
US5024311095,0.736
CL0000000423,0.849
CNE1000015M3,1.0
DE000LEG1110,
CNE100001YW7,0.583
KR7051910008,0.6
KR7003550001,0.6
KR7034220004,0.75
KR7066570003,0.668
KR7373220003,0.617
KR7051900009,0.617
KR7011070000,0.545
KR7032640005,0.667
US5018892084,0.286
CNE100001FR6,0.533
TW0003533006,
US50212V1008,0.6
PLLPP0000011,0.286
HK0992009065,0.545
KR7010120004,0.0
GB00B0SWJX34,0.744
INE214T01019,0.678
FR0000121014,0.797
JP3933800009,1.0
US5049221055,0.598
US5128073062,0.867
GB00BYW0PQ60,0.875
TW0003008009,0.0
INE018A01030,0.712
US5178341070,0.6
JP3979200007,0.0
GB0005603997,1.0
US52490G1022,0.593
FR0010307819,0.754
US5253271028,0.773
US5260571048,0.677
US5261071071,1.0
IT0003856405,0.714
KYG5479M1050,0.125
KYG5496K1242,
CNE100000X77,
US5312297550,0.353
IE000S9YS762,0.616
CH0010570767,0.766
CNE1000015L5,0.0
HK0823032773,0.5
TW0002301009,0.524
US6821891057,0.0
US5380341090,0.713
GB0008706128,0.642
CA5394811015,0.592
BRRENTACNOR4,0.84
US5398301094,0.84
INE670K01029,1.0
US5404241086,0.667
CH0025751329,0.839
KYG5635P1090,0.75
CH0013841017,0.659
BE0003604155,0.875
DE0008232125,0.798
CA5503711080,1.0
CA5503721063,0.864
INE326A01037,0.774
CNE000000GF2,1.0
CNE100001V60,0.0
GB00BKFB1C65,0.756
US55261F1049,0.599
JP3435750009,0.0
US59522J1034,0.593
DK0010244508,0.804
US5745991068,0.0
CNE000000HP9,
MYL3816OO005,0.816
HK1208013172,
HU0000153937,0.739
CZ0008040318,0.4
MYL5296OO008,0.75
INE883A01011,0.627
JP3890310000,0.5
ZAE000042164,0.792
HK0066009694,0.756
DE000A0D9PT0,0.84
KW0EQ0400725,
AU000000MQG1,0.524
CA5592224011,0.713
INE101A01026,0.788
JP3862400003,0.6
INE634S01028,0.673
CA56501R1064,0.766
US56585A1025,0.621
INE196A01026,0.742
US5705351048,0.571
GB0031274896,0.68
US5719032022,0.763
US5732841060,0.73
JP3877600001,0.5
JP3143600009,0.5
INE585B01010,0.736
US5738741041,0.828
QA000A0M8VM3,0.0
US57636Q1040,0.836
INE027H01010,0.769
MYL6012OO008,0.686
MYL1155OO000,0.774
SA123GA0ITH7,0.9
US5797802064,1.0
US5801351017,0.588
TW0002454006,0.712
AU000000MPL3,0.6
IT0004776628,0.333
IE00BTN1Y115,0.713
TW0002886009,
JP3918000005,0.5
GB00BNGDN821,
US58733R1023,0.814
DE0007100000,0.833
US58933Y1055,0.868
DE0006599905,0.843
NZMELE0002S7,0.714
KR7138040001,
US30303M1027,0.792
INE111A01025,0.6
GRS393503008,0.6
CA59162N1096,0.645
PHY6028G1361,0.786
FI0009014575,0.902
US5926881054,0.704
CNE100000F46,0.6
FR001400AJ45,0.811
TW0002377009,0.5
US5950171042,
US5951121038,1.0
CNE100001QQ5,0.644
US0970231058,0.769
PEP612001003,1.0
JP3906000009,0.455
KYG6180F1081,0.387
SA13L050IE10,0.8
TH0128B10Z09,0.667
US4581401001,0.389
KR7006800007,0.562
JP3902400005,0.683
JP3898400001,0.683
JP3897700005,0.683
JP3899600005,
JP3499800005,0.385
KR7011790003,
JP3893600001,0.5
JP3893200000,0.5
JP3362700001,0.682
IL0006954379,0.833
JP3885780001,0.72
US60871R2094,0.789
IT0004965148,0.565
US6092071058,0.802
GB00BMWC6P49,0.767
US60937P1066,0.797
US6098391054,0.5
US61174X1090,0.784
CNE100003MN7,
US6174464486,
SA12C051UH11,0.667
NO0003054108,0.684
INE356A01018,0.59
DE0008430026,0.802
JP3914400001,0.596
INE414G01012,0.592
AU000000NAB4,0.712
CNE000001G38,1.0
CNE100000ML7,0.0
JP3733000008,0.62
JP3758190007,0.5
GB0032089863,0.606
KR7005940002,1.0
INE848E01016,1.0
CNE000001J84,0.0
IL0002730112,0.889
KYG6525F1028,0.662
INE584A01023,0.778
NL0010773842,0.789
US6293775085,0.716
INE733E01010,1.0
JP3165700000,0.771
JP3735400008,0.333
US67066G1040,0.92
US62944T1051,0.458
NL0009538784,0.842
SA15HG521213,0.833
CNE000000PC0,0.2
US90459E1064,0.25
GRS015003007,0.25
US47030M1062,0.25
BRNTCOACNOR5,0.25
TW0001303006,1.0
CNE1000031R9,
US6311031081,0.851
ZAE000325783,1.0
GB00BM8PJY71,0.831
US6323071042,0.643
GRS003003035,0.591
GB00BDR05C01,0.769
KR7035420009,0.904
ZAE000004875,0.795
DE0006452907,0.8
FI0009013296,0.565
INE239A01024,0.818
CH0038863350,0.818
US64110D1046,0.824
KYG6427A1022,0.513
US64110L1061,0.832
US64125C1099,0.824
CNE1000019Y0,1.0
CNE000000VB0,
KYG6470A1168,0.75
US6516391066,0.762
US65249B1098,0.6
IT0005366767,0.52
US65339F1012,0.701
US65473P1057,0.481
SE0015988019,
JP3734800000,0.714
TW0008464009,
CNE1000007W9,
CNE1000052S3,1.0
CNE100001567,0.0
JP3756600007,0.8
JP3749400002,0.0
JP3381000003,0.5
JP3675600005,0.762
JP3756100008,0.333
JP3684000007,0.55
FI0009000681,0.809
JP3762600009,0.695
JP3762800005,0.605
CNE100004272,1.0
FI4000297767,0.786
US6556631025,0.359
US6558441084,0.439
NO0005052605,0.78
US6658591044,0.0
AU000000NST8,0.706
US6668071029,1.0
CH0012005267,0.827
TW0003034005,1.0
DK0062498333,
DK0060336014,0.826
KYG6683N1034,
US6703461052,0.855
US67059N1081,0.773
US67103H1077,0.526
CNE100000S33,
SG1S04926220,0.627
JP3197800000,0.513
AT0000743059,0.667
US6826801036,0.686
JP3197600004,0.5
JP3200450009,0.556
HU0000061726,0.787
JP3190000004,0.75
INE093I01010,0.833
US6745991058,0.827
INE274J01014,0.909
INE213A01029,0.753
US6792951054,0.632
US6795801009,0.703
ZAE000255360,0.722
JP3201200007,0.692
US6819191064,1.0
US87612E1064,
CA6837151068,0.563
CNE100002RB3,
INE881D01027,0.725
JP3689500001,0.757
US68389X1054,0.667
FR0000133308,0.859
BMG677491539,
CNE100001ZV6,1.0
JP3198900007,
AU000000ORG5,0.654
FI0009014377,1.0
KR7271560005,
NO0003733800,0.857
JP3180400008,0.0
JP3188220002,
JP3188200004,
ZAE000314084,0.68
US6907421019,0.752
US7223041028,1.0
US69331C1080,0.5
INE603J01030,0.667
PLPKN0000018,0.375
PLPKO0000016,0.846
PHY7072Q1032,
US59156R1086,0.588
US6934751057,0.573
KYG7170M1033,0.5
KR7005490008,0.767
KR7003670007,0.767
KR7047050000,0.767
MYL4065OO008,
GRS434003000,0.625
US6935061076,0.642
US69351T1060,0.636
US69370C1009,1.0
THA099010003,0.333
TH0646010Z00,0.905
TH0355A10Z04,0.905
PLPZU0000011,0.571
MX01GA000004,
US9078181081,
INE761H01022,0.625
US69608A1088,0.701
US6974351057,0.736
CA6979001089,0.833
JP3639650005,
JP3866800000,0.708
DK0060252690,0.629
US7010941042,0.684
US60855R1005,1.0
US70450Y1038,0.629
US7043261079,0.531
US70432V1026,0.583
GB0006776081,0.0
TW0004938006,0.514
CA7063271034,0.828
IE00BLS09M33,0.641
CNE100003F27,1.0
ZAE000259479,0.714
FR0000120693,0.889
INE262H01021,0.699
BRPETRACNOR9,0.958
CNE1000007Q1,0.312
MYL5183OO008,0.926
MYL5681OO001,0.926
MYL6033OO004,0.926
INE347G01014,0.75
MXP554091415,0.643
US7170811035,0.731
TW0006446008,0.5
CNE100003JW4,0.719
US7181721090,0.779
NL0000009538,0.757
US7185461040,0.578
GB00BGXQNP29,1.0
INE318A01026,0.85
CNE000000040,0.353
US72352L1061,0.785
CNE100005998,1.0
GRS014003032,
INE455K01017,0.697
US73328P1066,0.848
US23345V1070,0.848
CNE100003PZ4,0.5
IT0003796171,0.529
TW0009904003,0.556
INE134E01011,0.333
INE752E01010,0.815
CA7392391016,
TW0002912003,0.407
MYL8869OO009,0.75
INE811K01011,0.85
US91307C1027,0.709
US74251V1026,1.0
AU000000PME8,
US7427181091,1.0
MXCFFI170008,
US74340W1036,
MX01PI000005,1.0
CA0641491075,0.667
GB0007099541,0.767
US7443201022,0.767
IT0004176001,0.736
MYL1295OO004,0.496
US74460D1090,0.357
FR0000130577,0.744
US7458671010,0.706
INE160A01022,0.702
US74624M1027,0.68
AU000000QBE9,0.72
NL0015002CX3,0.652
MYL7084OO006,0.75
AU000000QAN2,0.71
QA0006929879,0.5
QA0006929853,0.0
QA0006929895,0.75
KYG8851G1001,0.0
US7475251036,
TW0002382009,0.529
US74762E1029,0.824
CA7481932084,1.0
US74834L1008,0.0
DE0007010803,0.692
CA74935Q1072,1.0
AU000000REA9,0.911
GB00B2B0DG97,0.857
MYL1066OO009,0.669
DK0063855168,0.65
US75513E1010,0.0
DE0007037129,0.938
BRRADLACNOR0,0.579
INE415G01027,0.571
SA12A0540J14,
JP3967200001,0.778
NL0000379121,0.735
CNE100002RZ2,0.125
US7547301090,0.843
TW0002379005,0.8
GB00B24CGK77,0.714
JP3970300004,0.8
US75734B1008,0.591
BRRDORACNOR8,0.417
ES0173093024,0.75
AU000000REH4,0.582
US7588491032,0.857
US75886F1075,0.761
US7591EP1005,1.0
US7595091023,0.8
INE002A01018,0.784
FR0000131906,0.784
JP3164720009,1.0
GB00B082RF11,0.629
ES0173516115,0.731
US7607591002,0.601
US7611521078,0.791
JP3500610005,0.0
CA76131D1033,0.548
US7140461093,0.618
FR0010451203,0.755
DE0007030009,0.676
CH0210483332,0.731
JP3973400009,0.601
GB0007188757,0.84
US76954A1034,0.628
SA0007879048,0.7
INE323A01026,0.873
US7707001027,0.681
CNE100003R80,0.5
CH0012032048,0.866
US7739031091,0.704
CA7751092007,0.605
US7757111049,1.0
GB00B63H8491,0.807
CNE100000W60,
US7766961061,1.0
US7782961038,0.419
LR0008862868,0.777
CA7800871021,0.6
GB00BMVP7Y09,
TW0009945006,1.0
BRRAILACNOR9,0.895
BMG4404N1149,
IE00BYTBXV33,0.636
US6153691059,
CNE1000002N9,
US78409V1044,0.86
KR7010950004,
BRSBSPACNOR5,0.818
SA0007879121,0.817
CNE000000TY6,0.714
SA15T1L22JH8,1.0
DE0007164600,0.85
TRASASAW91E4,0.0
US78410G1040,
INE123W01016,0.538
INE018E01016,0.567
SE0000112724,0.538
THA790010005,
JP3400400002,0.667
MYL5285OO001,0.9
JP3421800008,0.429
GB00B5ZN1N88,1.0
CNE1000028B9,0.5
CNE100000L63,0.167
CNE100002NT4,1.0
JP3162770006,
AU0000364754,
CH1256740924,0.551
CNE100002FM5,
CH0435377954,0.756
SA000A0KFKK0,0.5
KR7034730002,0.75
KR7096770003,0.333
KR7326030004,0.703
KR7017670001,0.857
KR7000660001,1.0
SE0000108227,0.81
PHY806761029,0.625
PHY8076N1120,0.727
JP3162600005,1.0
FR0000130809,0.826
INE647A01010,0.758
US78467J1007,0.475
GB0007908733,0.787
SG1F60858221,0.536
IE00BFY8C754,0.68
CNE100005D92,1.0
SE0021921269,0.784
TRASAHOL91Q5,1.0
FR0000073272,0.938
GB00B8C3BL03,0.64
CNE1000015F7,0.667
GB00B019KW72,0.653
FR0000125007,0.832
NO0010310956,1.0
FI4000552500,
US79589L1061,0.79
KR7207940008,0.333
KR7009150004,0.688
KR7028260008,0.664
KR7005930003,0.664
KR7000810002,0.8
KR7010140002,0.8
KR7032830002,0.5
KR7006400006,0.561
KR7018260000,0.478
INE775A01035,0.857
KR7003230000,1.0
CNE000000KB3,
CH1243598427,0.783
KYG7800X1079,0.833
SE0000667891,0.789
ZAE000070660,1.0
FR0000120578,0.828
JP3343200006,0.667
JP3429800000,0.846
PLBZ00000044,0.719
CLP1506A1070,0.719
AU000000STO6,0.592
CNE000001F70,0.667
US4595061015,
CA8029121057,0.658
FR0013154002,0.664
ZAE000006896,0.778
CNE100001B07,
SA14TG012N13,0.886
SA0007879089,0.5
SA000A0JK5M3,0.812
SA0007879550,0.95
SA000A0B89Q3,
SA0007879063,0.0
SA000A0MQCJ2,1.0
SA0007879543,0.878
AU000000SCG8,0.66
CH0024638196,0.653
AN8068571086,1.0
FR0000121972,0.878
GB00BP9LHF23,0.736
DE000A12DM80,0.7
US81141R1005,0.4
IE00BKVD2N49,0.63
SE0000163594,0.528
JP3419400001,0.833
JP3420600003,0.5
SG1R50925390,0.583
US8168511090,0.75
US81762P1021,0.89
JP3422950000,
GB00B1FH8J72,0.891
CNE000000V89,
CNE100000D55,0.667
CNE0000011B7,0.231
CNE100004QD7,0.0
GB00BP6MXD84,0.776
CNE0000005Q7,
CNE100003373,
CNE100002FD4,0.5
CNE100003T39,0.5
US8243481061,0.7
JP3357200009,0.8
JP3358000002,0.682
TW0002888005,
JP3371200001,0.5
KR7055550008,0.3
JP3347200002,1.0
JP3351600006,0.722
INE070A01015,0.63
INE721A01047,0.651
TH0003010Z04,0.833
DE0007236101,0.881
DE000ENER6Y0,0.881
INE003A01024,0.764
DE000SHL1006,0.809
CNE000001KM8,
AU000000SIG5,0.333
CH0418792922,
CNE000001DN1,
KYG8190F1028,1.0
MYL4197OO009,0.808
US8288061091,0.611
SG1V61937297,0.722
SG1J26887955,
SG1T75931496,0.543
KYG8167W1380,
HK0083000502,
TW0002890001,0.143
CNE000000SV4,
CNE100000FN7,
HK3808041546,
TRASISEW91Q3,0.5
KYG8187G1055,
SE0000113250,0.793
IE0002424939,0.514
GB0009223206,0.792
GB00B1WY2338,1.0
KYG8245V1023,0.0
IE00028FXN24,
IT0003153415,0.952
US8330341012,1.0
US83304A1060,1.0
US8334451098,
FR0000121220,0.675
BE0003717312,1.0
JP3436100006,0.429
JP3732000009,0.333
INE343H01029,0.75
US83444M1018,0.713
JP3165000005,0.684
AU000000SHL7,0.538
CH0012549785,0.737
US98419M1009,
JP3435000009,0.833
CNE1000019P8,1.0
AU000000S320,0.765
US8425871071,0.771
US84265V1052,0.714
CNE0000016P6,0.0
GB00BWFGQN14,0.745
LU1778762911,0.761
CNE100001V45,0.0
ZAE000109815,0.92
GB0004082847,0.75
CA85472N1096,0.751
US8552441094,0.603
INE062A01020,
US8574771031,1.0
US8581191009,0.81
NL00150001Q9,0.638
AU000000SGP0,0.595
FI0009005961,0.55
US5949724083,
CH1175448666,0.729
US8636671013,0.821
JP3892100003,0.455
JP3814800003,0.8
JP3404600003,0.66
JP3407400005,0.667
JP3890350006,0.563
US8666741041,0.222
HK0016000132,0.639
CA8667961053,0.794
INE044A01036,0.655
CA8672241079,0.558
AU000000SUN6,0.732
INE660A01013,0.55
CNE1000018M7,0.424
KYG8586D1097,0.333
JP3336560002,0.731
US7134481081,0.75
MYL5211OO007,0.857
CNE100001260,1.0
US86800U3023,0.422
INE195A01028,0.75
BRSUZBACNOR0,0.905
IN9040H01011,0.788
JP3397200001,0.642
SE0007100599,0.63
CH0012255151,0.66
SE0000242455,0.733
HK0019000162,1.0
CH0014852781,0.761
CH0008038389,1.0
CH0126881561,0.812
CH0008742519,0.867
BE0974464977,0.896
DE000SYM9999,0.673
US87165B1035,0.807
TW0002347002,0.667
US8718291078,0.487
JP3351100007,0.667
JP3539220008,0.571
US8725901040,0.647
US74144T1088,0.718
US8740801043,0.846
INE670A01012,0.83
CA87807B1076,0.674
CNE000001GL8,0.543
JP3538800008,0.769
IE000IVNQZ81,0.728
CA87971M1032,0.5
NL0000235190,
CA87241L1094,0.2
US14040H1059,1.0
BRTIMSACNOR5,
JP3104890003,0.7
US8725401090,0.745
TH0068010Z07,0.923
CA87262K1057,0.971
BRTOTSACNOR8,0.875
FR0000051807,0.824
CNE100003P74,0.515
TW0002330008,0.502
INE494B01023,0.659
SA15DHKGHBH4,
JP3443600006,0.857
TW0002834009,1.0
TW0001101004,0.0
TW0002633005,
TW0003045001,1.0
JP3711600001,0.833
US8740541094,0.632
JP3463000004,0.773
EGS691S1C011,1.0
DE000TLX1005,0.0
US87612G1013,0.875
INE151A01013,0.785
INE467B01029,0.649
INE192A01025,0.785
INE298A01020,1.0
INE155A01022,0.822
INE245A01021,0.731
INE081A01020,0.811
CNE000000RB8,1.0
INE669C01036,0.604
HK0669013440,0.533
CA8787423034,0.702
SE0005190238,0.68
IT0003497168,
US8793601050,0.627
ES0178430E18,0.861
MYL4863OO006,0.798
NO0010063308,0.741
KYG3165D1097,0.667
SE0000667925,0.733
ID1000129000,0.829
AU000000TLS2,0.768
LU2598331598,1.0
KYG875771134,0.667
US8807701029,
US14149Y1082,1.0
JP3546800008,1.0
GB00BLGZ9862,0.721
US88160R1014,0.0
IL0006290147,0.683
US8825081040,0.842
US88262P1021,
US8832031012,0.5
FR0000121329,0.903
CNE100000627,0.0
US1344291091,0.769
US14316J1088,0.636
US1890541097,0.703
NL0000009165,0.851
US4165151048,0.625
US4370761029,0.721
INE053A01029,0.625
AU0000219529,0.857
INE211B01039,0.571
US73278L1052,
TW0005876007,0.0
ZAE000012084,0.605
US88339J1051,0.724
US2546871060,
US9418481035,0.0
INE152A01029,0.805
US8835561023,0.661
CA8849038085,0.828
CNE100003F43,0.0
CNE100000T32,
CNE100001KV8,0.5
INE280A01028,0.826
US8887871080,0.702
JP3910660004,0.795
JP3571400005,0.755
JP3573000001,1.0
JP3583900000,1.0
JP3574200006,
KYG8918W1069,0.667
CNE000001GS3,
JP3621000003,0.474
CA8911021050,0.708
INE685A01028,0.75
INE813H01021,0.625
FR0000120271,0.82
CA89156V1067,1.0
US03027X1000,0.778
HK0003000038,0.6
JP3634600005,0.667
JP3633400001,0.771
JP3635000007,0.7
US8923561067,0.571
US8926721064,0.643
IE00BK9ZQ967,0.832
US8936411003,0.625
AU000000TCL6,0.556
CNE1000004J3,
US89417E1091,0.804
SE0000114837,0.657
JP3637300009,0.773
INE849A01020,0.0
US8962391004,0.0
CNE100003ZR0,0.625
US5717481023,1.0
KYG9066F1019,0.663
US6951561090,0.741
THB231010000,0.611
US89832Q1094,0.483
DK0060636678,0.818
CNE0000009Y3,
INE974X01010,0.643
CNE1000023J3,1.0
TRATCELL91M1,0.778
TRATUPRS91E8,1.0
US90138F1021,0.638
US9022521051,0.757
US9024941034,0.525
CH0244767585,0.772
CNE000000Q11,
BE0003739530,0.813
US9026531049,0.65
FI0009005987,0.632
US90353T1007,0.824
US90384S3031,0.533
INE481G01011,0.767
IT0005239360,0.621
JP3951600000,0.694
GB00B10RZP78,0.823
TW0003037008,0.0
INE692A01016,0.667
IT0004810054,0.8
CNE100005PN5,0.5
TW0002303005,0.528
SG1M31001969,0.503
US9113631090,0.816
INE854D01024,1.0
ID1000058407,1.0
GB00B39J2M42,0.775
US91324P1021,0.67
US9139031002,0.658
NL0015000IY2,0.5
MYL5347OO009,0.833
US46284V1017,
CH0311864901,0.8
US9256521090,
BRVALEACNOR0,0.873
US91913Y1001,0.794
INE200M01039,0.75
INE205A01025,1.0
US9224751084,0.617
US92276F1003,0.778
FR0000124141,0.777
US92338C1036,0.867
AT0000746409,1.0
US92343E1029,0.909
US92345Y1064,0.822
US92343V1044,0.7
US92532F1003,0.824
JP3494600004,0.294
US92537N1081,0.696
DK0061539921,0.827
BRVBBRACNOR1,0.803
AU000000VCX7,0.286
FR0000125486,0.875
US92763W1036,0.0
US92826C8394,0.72
US92840M1027,0.667
BRVIVTACNOR0,0.892
ZAE000132577,0.842
GB00BH4HKS39,0.733
INE669E01016,0.725
DE0007664005,0.825
INE226A01021,0.652
TW0006409006,0.0
SE0000115446,0.805
DE000A1ML7J1,1.0
US9291601097,0.595
US92936U1097,0.333
US0844231029,0.59
US92939U1060,0.667
BRWEGEACNOR0,0.867
TW0003702007,0.273
JE00B8KF9B49,0.699
CA92938W2022,0.73
US9297401088,0.726
MX01WA000038,0.521
US9311421039,0.727
TW0002615002,0.571
CNE0000016J9,0.0
KYG9431R1039,1.0
US9344231041,0.594
AU000000SOL3,
CA94106B1013,0.667
US9426222009,
CNE1000000D4,
US9497461015,0.618
US95040Q1040,0.429
AU000000WES1,0.562
CA9528451052,0.65
JP3659000008,0.0
US9553061055,0.744
US9581021055,0.707
CNE100001D96,
AU000000WBC1,0.707
US9621661043,0.625
HK0004000045,0.6
GB00B1KJJ408,0.548
CA96467A2002,1.0
IE00BDB6Q211,0.667
US9694571004,0.769
US9699041011,0.561
SG1T56930848,0.583
CNE000000WD4,
CNE000000M72,0.5
INE075A01022,0.675
GB00BL9YR756,0.78
AU000000WTC3,0.677
TW0003231007,0.6
TW0006669005,0.588
IL0011301780,0.78
NL0000395903,0.69
AU0000224040,0.762
ZAE000063863,0.639
AU000000WOW2,0.639
KR7316140003,1.0
US98138H1014,0.774
AU000000CAR3,0.4
CNE1000031K4,0.436
KYG970081173,0.545
FI0009003727,0.826
CNE000000FH0,0.444
US0268747849,0.764
KYG982391099,0.764
US98389B1008,0.551
NZXROE0001S2,0.0
CNE000000WL7,0.5
CNE000001D15,
KYG9830T1067,0.557
KYG9829N1025,
KYG982AW1003,0.538
MYL4677OO000,0.778
MYL6742OO000,1.0
CNE0000012J8,0.5
KYG9830F1063,1.0
TW0002327004,0.75
JP3931600005,1.0
JP3942800008,0.776
TW0002609005,0.833
CNE000000WV6,
SA000A0HNF36,
TRAYKBNK91N6,0.542
NO0010208051,0.782
CNE100002PC5,0.0
INE528G01035,0.712
CNE000000JP5,0.4
LU2290522684,0.614
JP3955000009,0.643
CNE100000XX9,
CNE0000017Y6,
KR7000100008,0.5
US98850P1093,
US9884981013,0.781
CNE0000008X7,
CNE000000PY4,1.0
JP3399310006,1.0
CNE000000TK5,0.7
KW0EQ0601058,0.875
DE000ZAL1111,1.0
SA0007879659,
US9892071054,1.0
JP3429300001,0.5
CNE100000BJ4,0.522
CNE100001DJ8,
CNE100001SP3,
KYG989221000,
CNE100002R65,0.5
CNE100000V20,
KYG9894K1085,
CNE100004900,1.0
CNE100000B24,0.5
US98954M2008,0.652
US98956P1021,0.668
US98980L1017,0.602
CNE000001527,0.667
US98980G1022,0.629
CH0011075394,0.829
ES0113900J37,0.8
INE010B01027,0.933
DE000A1EWWW0,0.812
NL0010832176,0.5
FR0013280286,0.802
GB0007980591,0.776
CH1216478797,0.82
US2786421030,0.732
TW0003529004,1.0
US0758871091,0.56
CA45075E1043,0.869
CNE100000B81,0.727
US5500211090,0.78
PLBRE0000012,0.625
IL0011762130,0.76
INE628A01036,1.0
DK0060094928,0.87
